{
  "gnn": 0.0,
  "rf": 0.037037037037037035,
  "xgb": 0.037037037037037035,
  "ensemble": 0.037037037037037035
}