{
  "normal": {
    "hbond": {
      "mean": 20.48,
      "std": 3.477010209936117,
      "min": 14.0,
      "max": 28.0
    },
    "ionic": {
      "mean": 37.92,
      "std": 2.56,
      "min": 32.0,
      "max": 44.0
    },
    "hydrophobic": {
      "mean": 178.8,
      "std": 8.049844718999243,
      "min": 156.0,
      "max": 198.0
    },
    "aromatic": {
      "mean": 59.52,
      "std": 3.087005021051958,
      "min": 54.0,
      "max": 68.0
    },
    "disulfide": {
      "mean": 0.0,
      "std": 0.0,
      "min": 0.0,
      "max": 0.0
    },
    "vdw": {
      "mean": 560.6,
      "std": 16.006248779773482,
      "min": 528.0,
      "max": 594.0
    },
    "cation_pi": {
      "mean": 23.28,
      "std": 2.2894540834006696,
      "min": 18.0,
      "max": 28.0
    },
    "salt_bridge": {
      "mean": 1.12,
      "std": 0.9927738916792684,
      "min": 0.0,
      "max": 2.0
    },
    "protein_lipid": {
      "mean": 3749.16,
      "std": 124.86878873441513,
      "min": 3437.0,
      "max": 3949.0
    }
  },
  "cancer": {
    "hbond": {
      "mean": 21.88,
      "std": 3.5193181157718607,
      "min": 14.0,
      "max": 30.0
    },
    "ionic": {
      "mean": 39.0,
      "std": 3.4467375879228173,
      "min": 30.0,
      "max": 46.0
    },
    "hydrophobic": {
      "mean": 176.52,
      "std": 7.957989695896822,
      "min": 160.0,
      "max": 200.0
    },
    "aromatic": {
      "mean": 61.04,
      "std": 2.306165648863932,
      "min": 58.0,
      "max": 66.0
    },
    "disulfide": {
      "mean": 0.0,
      "std": 0.0,
      "min": 0.0,
      "max": 0.0
    },
    "vdw": {
      "mean": 548.24,
      "std": 12.117029338909765,
      "min": 516.0,
      "max": 572.0
    },
    "cation_pi": {
      "mean": 18.72,
      "std": 2.182109071517737,
      "min": 14.0,
      "max": 24.0
    },
    "salt_bridge": {
      "mean": 0.56,
      "std": 1.0613199329137277,
      "min": 0.0,
      "max": 4.0
    },
    "protein_lipid": {
      "mean": 3543.56,
      "std": 164.22730101904494,
      "min": 3167.0,
      "max": 3857.0
    }
  },
  "metadata": {
    "n_frames_processed": 50,
    "n_normal_graphs": 50,
    "n_cancer_graphs": 50,
    "processing_time_sec": 299.8510444164276,
    "timestamp": "2025-10-29 20:36:05"
  }
}