residue,rmsf_epitope_normal
323.0,0.864642
324.0,0.95258
325.0,0.94564
326.0,0.858547
327.0,0.909208
328.0,0.978316
329.0,1.038892
330.0,1.081489
331.0,1.16592
332.0,1.142715
333.0,1.033549
334.0,0.966741
335.0,0.889605
336.0,0.820957
337.0,0.764062
