residue,rmsf_domain_normal
233.0,0.354438
234.0,0.36544
235.0,0.384146
236.0,0.380697
237.0,0.377494
238.0,0.377335
239.0,0.369473
240.0,0.366999
241.0,0.380984
242.0,0.375981
243.0,0.357949
244.0,0.365288
245.0,0.379943
246.0,0.363932
247.0,0.352715
248.0,0.369684
249.0,0.375106
250.0,0.357838
251.0,0.35271
252.0,0.358916
253.0,0.362276
254.0,0.360086
255.0,0.368982
256.0,0.382916
257.0,0.384938
258.0,0.363772
259.0,0.342988
260.0,0.333057
261.0,0.356642
262.0,0.356184
263.0,0.34884
264.0,0.354114
265.0,0.359474
266.0,0.350046
267.0,0.351661
268.0,0.374268
269.0,0.37268
270.0,0.369888
271.0,0.387932
272.0,0.406346
273.0,0.396172
274.0,0.402203
275.0,0.40154
276.0,0.400018
277.0,0.398772
278.0,0.385886
279.0,0.371987
280.0,0.378424
281.0,0.381165
282.0,0.365715
283.0,0.365129
284.0,0.379117
285.0,0.373407
286.0,0.363745
287.0,0.369445
288.0,0.369956
289.0,0.385339
290.0,0.39244
291.0,0.40337
292.0,0.401586
293.0,0.415436
294.0,0.450974
295.0,0.417517
296.0,0.415282
297.0,0.403532
298.0,0.403693
299.0,0.396015
300.0,0.404633
301.0,0.408114
302.0,0.398457
303.0,0.402118
304.0,0.412971
305.0,0.447286
306.0,0.471033
307.0,0.498616
308.0,0.549597
309.0,0.604503
310.0,0.675782
311.0,0.706417
312.0,0.778588
313.0,0.784452
314.0,0.872135
315.0,0.88304
316.0,0.954451
317.0,0.973492
318.0,0.965516
319.0,0.959107
320.0,0.888214
321.0,0.854667
322.0,0.800942
323.0,0.864642
324.0,0.95258
325.0,0.94564
326.0,0.858547
327.0,0.909208
328.0,0.978316
329.0,1.038892
330.0,1.081489
331.0,1.16592
332.0,1.142715
333.0,1.033549
334.0,0.966741
335.0,0.889605
336.0,0.820957
337.0,0.764062
338.0,0.708756
339.0,0.641658
340.0,0.584063
341.0,0.522241
342.0,0.488475
343.0,0.455785
344.0,0.462235
345.0,0.433709
346.0,0.435047
347.0,0.423387
348.0,0.414248
349.0,0.400919
350.0,0.402532
351.0,0.393209
352.0,0.412864
353.0,0.412402
354.0,0.407798
355.0,0.457523
356.0,0.460271
357.0,0.452098
358.0,0.456496
359.0,0.456391
360.0,0.440009
