residue,rmsf_epitope_cancer
323.0,0.805643
324.0,0.854528
325.0,0.843486
326.0,0.78627
327.0,0.82972
328.0,0.867426
329.0,0.91071
330.0,0.925481
331.0,0.989552
332.0,0.983481
333.0,0.911637
334.0,0.870449
335.0,0.812157
336.0,0.766994
337.0,0.730405
