residue,rmsf_domain_cancer
233.0,0.312816
234.0,0.309234
235.0,0.3209
236.0,0.331062
237.0,0.327173
238.0,0.312949
239.0,0.30548
240.0,0.300158
241.0,0.306252
242.0,0.30693
243.0,0.300548
244.0,0.303699
245.0,0.314095
246.0,0.311192
247.0,0.313026
248.0,0.327487
249.0,0.33342
250.0,0.321214
251.0,0.325265
252.0,0.325332
253.0,0.329299
254.0,0.337037
255.0,0.333628
256.0,0.323071
257.0,0.329811
258.0,0.312325
259.0,0.287928
260.0,0.288461
261.0,0.292608
262.0,0.293958
263.0,0.29406
264.0,0.292656
265.0,0.297215
266.0,0.30393
267.0,0.299566
268.0,0.3078
269.0,0.323295
270.0,0.317378
271.0,0.305844
272.0,0.308698
273.0,0.310349
274.0,0.307423
275.0,0.307593
276.0,0.312995
277.0,0.307561
278.0,0.307772
279.0,0.31614
280.0,0.316036
281.0,0.314071
282.0,0.316118
283.0,0.319602
284.0,0.321748
285.0,0.327636
286.0,0.334385
287.0,0.335561
288.0,0.336349
289.0,0.325063
290.0,0.327499
291.0,0.315155
292.0,0.323206
293.0,0.34005
294.0,0.32714
295.0,0.310462
296.0,0.299656
297.0,0.297788
298.0,0.304539
299.0,0.325843
300.0,0.342202
301.0,0.36263
302.0,0.354962
303.0,0.385244
304.0,0.411572
305.0,0.441942
306.0,0.483789
307.0,0.535437
308.0,0.585056
309.0,0.656541
310.0,0.691848
311.0,0.713349
312.0,0.745535
313.0,0.755485
314.0,0.798346
315.0,0.820607
316.0,0.88133
317.0,0.898527
318.0,0.886463
319.0,0.89694
320.0,0.84651
321.0,0.821076
322.0,0.807763
323.0,0.805643
324.0,0.854528
325.0,0.843486
326.0,0.78627
327.0,0.82972
328.0,0.867426
329.0,0.91071
330.0,0.925481
331.0,0.989552
332.0,0.983481
333.0,0.911637
334.0,0.870449
335.0,0.812157
336.0,0.766994
337.0,0.730405
338.0,0.685159
339.0,0.647551
340.0,0.617602
341.0,0.556684
342.0,0.543217
343.0,0.4959
344.0,0.461384
345.0,0.424457
346.0,0.416659
347.0,0.383564
348.0,0.3585
349.0,0.335146
350.0,0.328812
351.0,0.322027
352.0,0.323558
353.0,0.330589
354.0,0.32915
355.0,0.336748
356.0,0.330505
357.0,0.34414
358.0,0.338392
359.0,0.350717
360.0,0.344873
